203 CARD;203 CARD
203 CARD.;203 CARD
203 MODULE;203 CARD
213 CARD;213 CARD
213 MODULE;213 CARD
271 CARD;271 CARD
272 CARD;272 CARD
3rd STG  VANE ASSY;3rd STG VANE ASSY
3rd STG VANE ASSY;3rd STG VANE ASSY
401 CARD;401 CARD
409 CARD;409 CARD
409 CARD.;409 CARD
410 CARD;410 CARD
411 CARD;411 CARD
412 CARD;412 CARD
412 CARD.;412 CARD
414 CARD;414 CARD
415 CARD;415 CARD
418 CARD;418 CARD
419 CARD;419 CARD
420 CARD;420 CARD
420 CARD.;420 CARD
421 CARD;421 CARD
422 CARD;422 CARD
424 CARD;424 CARD
425 CARD;425 CARD
426 CARD;426 CARD
427 CARD;427 CARD
429 CARD;429 CARD
436 CARD;436 CARD
459 CARD;459 CARD
460 CARD;460 CARD
467 CARD;467 CARD
468 CARD;468 CARD
470 CARD;470 CARD
472 CARD;472 CARD
475 CARD;475 CARD
497 CARD;497 CARD
522 CARD;522 CARD
550 CARD;550 CARD
550 MODULE;550 CARD
551 CARD;551 CARD
551 MODULE;551 CARD
552 CARD;552 CARD
553 CARD;553 CARD
554 CARD;554 CARD
554 MODULE;554 CARD
556 CARD;556 CARD
557 CARD;557 CARD
560 CARD;560 CARD
560 MODULE;560 CARD
560 MODULE CARD;560 CARD
561 CARD;561 CARD
561 MODULE CARD;561 CARD
562 CARD;562 CARD
563 CARD;563 CARD
563 MODULE;563 CARD
564 CARD;564 CARD
A.C.C.U TEST SET;A.C.C.U. TEST SET
A.C.C.U.;A.C.C.U.
A.C.C.U. TEST SET;A.C.C.U. TEST SET
A.C.C.U.TEST SET;A.C.C.U. TEST SET
A/S HOUSING;A/S HOUSING
A/S HOUSING.;A/S HOUSING
ABRASIVE KIT.;ABRASIVE KIT
AC MOTOR;AC MOTOR
ACCU TEST SET;ACCU TEST SET
ACTUATOR;ACTUATOR
ACTUATOR T/S;ACTUATOR TEST SET
ACTUATOR TEST SET;ACTUATOR TEST SET
ACTUATOR.;ACTUATOR
ADAPTER CABLE;ADAPTER CABLE
ALIGNMENT DEVICE;ALIGNMENT DEVICE
B/S ACTUATOR;B/S ACTUATOR
B/S ACTUATOR.;B/S ACTUATOR
BAL BLADE SET;BAL BLADE SET
BAL BLADE SET.;BAL BLADE SET
BALANCED BLADE SET;BALANCED BLADE SET
BEARING;BEARING
BEVEL GEARBOX;BEVEL GEARBOX
BEVEL GEARBOX.;BEVEL GEARBOX
BLADE CLEANING RIG;BLADE CLEANING RIG
BLADE SET;BLADE SET
BLADE SET (74);BLADE SET (74)
BLADE SET IPT.;BLADE SET IPT.
BLADE.;BLADE
BOARD ASSEMBLY;BOARD ASSEMBLY
BOARD ASSY;BOARD ASSY
BRAND X HP NGV BORO VANE;BRAND X HP NGV BORO VANE
BULKHEAD RING ASSY;BULKHEAD RING ASSY
"BUSH, LINK SHORT;BUSH, LINK SHORT"
BUZZ BOX MONITOR;BUZZ BOX MONITOR
BY PASS DUCT;BY PASS DUCT
BY PASS DUCT.;BY PASS DUCT
BY-PASS DUCT;BY PASS DUCT
BY-PASS EXPANSION FIXTURE;BY-PASS EXPANSION FIXTURE
C.C.I.C;C.C.I.C.
C.C.I.C.;C.C.I.C.
C.C.O.C;C.C.O.C.
C.C.O.C.;C.C.O.C.
CABLE;CABLE
CABLE ASSEMBLY;CABLE ASSY
CABLE ASSY;CABLE ASSY
CABLE ASSY (D.T.S.);CABLE ASSY (D.T.S.)
"CABLE ASSY, ELECTRICAL;CABLE ASSY, ELECTRICAL"
CABLE ASSY.246.16;CABLE ASSY.246.16
CABLE B;CABLE B
CABLE D;CABLE D
CABLE E ASSEMBLY;CABLE E ASSEMBLY
"CABLE, DECU TEST SET;CABLE, DECU TEST SET"
CAL TEST SET;CAL TEST SET
CALIBRATION ONLY;CALIBRATION ONLY
CALIBRATOR;CALIBRATOR
CALIBRATOR TEST SET;CALIBRATOR TEST SET
CALIBRATOR UNIT;CALIBRATOR UNIT
CAM;CAM
CARD;CARD
CARD 203;CARD 203
CARD 213;CARD 213
CARD 213.;CARD 213
CARD 271;CARD 271
CARD 272;CARD 272
CARD 401;CARD 401
CARD 401.;CARD 401
CARD 409;CARD 409
CARD 409.;CARD 409
CARD 410;CARD 410
CARD 411;CARD 411
CARD 411.;CARD 411
CARD 412;CARD 412
CARD 412.;CARD 412
CARD 414;CARD 414
CARD 414.;CARD 414
CARD 415;CARD 415
CARD 415.;CARD 415
CARD 418;CARD 418
CARD 418.;CARD 418
CARD 419;CARD 419
CARD 419.;CARD 419
CARD 420;CARD 420
CARD 420.;CARD 420
CARD 421;CARD 421
CARD 421.;CARD 421
CARD 422;CARD 422
CARD 422.;CARD 422
CARD 424;CARD 424
CARD 425;CARD 425
CARD 425.;CARD 425
CARD 426;CARD 426
CARD 427;CARD 427
CARD 427.;CARD 427
CARD 429;CARD 429
CARD 436;CARD 436
CARD 436.;CARD 436
CARD 459;CARD 459
CARD 459.;CARD 459
CARD 460.;CARD 460
CARD 467;CARD 467
CARD 467.;CARD 467
CARD 468;CARD 468
CARD 468.;CARD 468
CARD 470;CARD 470
CARD 470.;CARD 470
CARD 475;CARD 475
CARD 497;CARD 497
CARD 497.;CARD 497
CARD 550.;CARD 550
CARD 551.;CARD 551
CARD 552.;CARD 552
CARD 554.;CARD 554
CARD 555.;CARD 555
CARD 556.;CARD 556
CARD 557;CARD 557
CARD 560;CARD 560
CARD 560.;CARD 560
CARD 562;CARD 562
CARD 562.;CARD 562
CARD 563;CARD 563
CARD 564;CARD 564
CARD 564.;CARD 564
CIRCUIT BOARD ASSY;CIRCUIT BOARD ASSY
CIRCUIT CARD ASSY;CIRCUIT CARD ASSY
COMARK DIGITAL THERMOMETER;COMARK DIGITAL THERMOMETER
COMBUSTION CHAMBER;COMBUSTION CHAMBER
COMBUSTION CHAMBER.;COMBUSTION CHAMBER
CONICAL FAIRING;CONICAL FAIRING
CONICAL FAIRINGS UPPER.;CONICAL FAIRINGS UPPER
CONTROL UNIT CUE;CONTROL UNIT CUE
CONVERTOR  MODULE;CONVERTOR MODULE
CONVERTOR MODULE;CONVERTOR MODULE
COVER PLATE;COVER PLATE
COVER PLATE -- WOODGROUP;COVER PLATE -- WOODGROUP
COVER PLATE.;COVER PLATE
COVER PLATES;COVER PLATES
COVER PLATE--WOODGROUP;COVER PLATE -- WOODGROUP
CUE 551 CARD;CUE 551 CARD
CUE CARD 554;CUE CARD 554
CUE NEW ASSET - NIL HOURS;CUE NEW ASSET - NIL HOURS
CUE TEST RIG;CUE TEST RIG
D.E.C.U;D.E.C.U.
D.E.C.U TEST SET;D.E.C.U TEST SET
D.E.C.U.;D.E.C.U.
D.E.C.U. CARD 551.;D.E.C.U. CARD 551
D.E.C.U. CARD 554;D.E.C.U. CARD 554
D.E.C.U. CARD 554.;D.E.C.U. CARD 554
D.E.C.U. CARD 561.;D.E.C.U. CARD 561
D.E.C.U. CARD 563.;D.E.C.U. CARD 563
DECMU;DECMU
DECU 560 MODULE;DECU 560 MODULE
DECU 561 DEI/O MODULE CARD.;DECU 561 DEI/O MODULE CARD
DECU FUNCTIONS PANEL;DECU FUNCTIONS PANEL
DECU PROGRAMMER;DECU PROGRAMMER
DECU TEST SET;DECU TEST SET
DIGITAL THERMOMETER.;DIGITAL THERMOMETER
DISPLAY MODULE;DISPLAY MODULE
DRIVE ASSEMBLY HAND;DRIVE ASSEMBLY HAND
DUMP VALVE;DUMP VALVE
E.C.U.;E.C.U.
ECU COMPRESSOR WASHING RIG (M4705);ECU COMPRESSOR WASHING RIG (M4705)
EGV SEAL OUTER;EGV SEAL OUTER
ELECTRIC CABLE;ELECTRIC CABLE
ELECTRIC CABLE.;ELECTRIC CABLE
ELECTRIC MOTOR;ELECTRIC MOTOR
ELECTRIC MOTOR.;ELECTRIC MOTOR
ELECTRICAL CABLE ASSY;ELECTRICAL CABLE ASSY
ELECTRONIC PANEL;ELECTRONIC PANEL
ENERPAC UNIT;ENERPAC UNIT
ENG HARNESS TEST SET;ENG HARNESS TEST SET
ENG HARNESS TEST SET + CARD SPARES;ENG HARNESS TEST SET + CARD SPARES
ENG HARNESS TEST SET.;ENG HARNESS TEST SET
ENGINE HARNESS (MK104);ENGINE HARNESS (MK104)
ENGINE HARNESS TEST SET;ENGINE HARNESS TEST SET
ENGINE SIMULATOR;ENGINE SIMULATOR
EUM TAPE;EUM TAPE
EUMS TAPE;EUMS TAPE
EUMS TAPES;EUMS TAPES
EXHAUST DIFFUSER;EXHAUST DIFFUSER
EXHAUST DIFFUSER.;EXHAUST DIFFUSER
EXHAUST STAND.;EXHAUST STAND.
EXPANSION FIXTURE ASSY.;EXPANSION FIXTURE ASSY.
EXTERNAL GEARBOX;EXTERNAL GEARBOX
EXTERNAL GEARBOX -- AACC;EXTERNAL GEARBOX -- AACC
EXTERNAL GEARBOX.;EXTERNAL GEARBOX
EXTRACTOR.;EXTRACTOR
F.R. VALVE;F/R VALVE
F/R VALVE;F/R VALVE
F/R VALVE.;F/R VALVE
F/R.VALVE;F/R VALVE
F/R.VALVE.;F/R VALVE
FAIRING;FAIRING
FAIRING CONICAL LOWER;FAIRING CONICAL LOWER
FAIRING CONICAL UPPER;FAIRING CONICAL UPPER
FILTER;FILTER
FLAME HOLDER;FLAME HOLDER
FLAME HOLDER -- OUTER;FLAMEHOLDER -- OUTER
FLAME HOLDER.;FLAME HOLDER
FLAMEHOLDER -  INNER;FLAMEHOLDER -- INNER
FLAMEHOLDER - INNER;FLAMEHOLDER -- INNER
FLAMEHOLDER -- INNER;FLAMEHOLDER -- INNER
FLAMEHOLDER - OUTER;FLAMEHOLDER -- OUTER
FLAMEHOLDER -- OUTER;FLAMEHOLDER -- OUTER
FR VALVE;FR VALVE
FRONT LEVER ASSY;FRONT LEVER ASSY
FRONT SEAL PLATE;FRONT SEAL PLATE
FUEL MANIFOLD;FUEL MANIFOLD
FUEL MANIFOLD L/H;FUEL MANIFOLD L/H
FUEL MANIFOLD R/H;FUEL MANIFOLD R/H
FUEL NOZZLE;FUEL NOZZLE
FUEL SHIELD;FUEL SHIELD
FUEL SHIELD.;FUEL SHIELD
FUEL TUBE;FUEL TUBE
FUEL TUBE ASSY;FUEL TUBE ASSY
"FUEL TUBE, SPRAYER;FUEL TUBE, SPRAYER"
FUEL VALVE;FUEL VALVE
FULL SET OF HPRT BLADES;FULL SET OF HPRT BLADES
GEARBOX COUPLING.;GEARBOX COUPLING
GEARBOX OUTER CASING ASSY;GEARBOX OUTER CASING ASSY
GUIDE SEAL;GUIDE SEAL
GUIDE TUBE;GUIDE TUBE
GUIDE TUBES;GUIDE TUBES
H.E I.U.;H.E.I.U.
H.E.I U.;H.E.I.U.
H.E.I.U;H.E.I.U.
H.E.I.U.;H.E.I.U.
H.P COMPRESSOR;H.P.COMPRESSOR
H.P COMPRESSOR.;H.P.COMPRESSOR
H.P TURBINE STATOR;H.P TURBINE STATOR
H.P. COMPRESSOR;H.P.COMPRESSOR
H.P.C STAGE 3 DISC;H.P.C STAGE 3 DISC
H.P.COMPRESSOR;H.P.COMPRESSOR
H.P.COMPRESSOR.;H.P.COMPRESSOR
H.P.N.G.V.;H.P.N.G.V.
H.P.T ROTOR MODULE;H.P.T ROTOR MODULE
H.P.TURBINE ROTOR;H.P.TURBINE ROTOR
H.P.TURBINE STATOR;H.P.TURBINE STATOR
HAND DRIVE TOOL;HAND DRIVE TOOL
HAND MOTOR;HAND MOTOR
HARNESS TEST SET;HARNESS TEST SET
HEAT EXCHANGER;HEAT EXCHANGER
HEAT SHIELD;HEAT SHIELD
HEAT SHIELD.;HEAT SHIELD
HEATER TROLLEY;HEATER TROLLEY
HEATER UNIT;HEATER UNIT
HEATSHIELD - M15;HEATSHIELD - M15
HEIU;HEIU
HIGH DENSITY EPS STC LID FOR DECU LOOM;HIGH DENSITY EPS STC LID FOR DECU LOOM
HIGH DENSITY EPS STC LID FOR MECU LOOM;HIGH DENSITY EPS STC LID FOR MECU LOOM
HIGH DENSITY EPS STC TRAY (BASE) FOR DECU LOOM;HIGH DENSITY EPS STC TRAY (BASE) FOR DECU LOOM
HIGH DENSITY EPS STC TRAY (BASE) FOR MECU LOOM;HIGH DENSITY EPS STC TRAY (BASE) FOR MECU LOOM
HINGE RING;HINGE RING
HOLED VANE;HOLED VANE
HOT SHOT  TOOL KIT;HOT SHOT  TOOL KIT
HOT SHOT CLEAN KIT;HOT SHOT CLEAN KIT
HOUSING SEAL.;HOUSING SEAL
"HOUSING, FUEL FILTER;HOUSING, FUEL FILTER"
HP BLADE CLEANING KIT;HP BLADE CLEANING KIT
HP COMPRESSOR MODULE;HP COMPRESSOR MODULE
HP3 COOLER BRACKETS;HP3 COOLER BRACKETS
HP3 COOLER BRKTS;HP3 COOLER BRACKETS
HPC CONTAINER;HPC CONTAINER
HPNGV;HPNGV
HPT BLADE;HPT BLADE
HPT BLADE SET (90 OFF);HPT BLADE SET (90 OFF)
HPT NGV;HPT NGV
HPT ROTOR DISC;HPT ROTOR DISC
HPT STATOR MODULE;HPT STATOR MODULE
I P COMPRESSOR;I P COMPRESSOR
I P TURBINE ROTOR;I P TURBINE ROTOR
I.P COMPRESSOR;I.P COMPRESSOR
I.P COMPRESSOR.;I.P COMPRESSOR
I.P TURBINE ROTOR;I.P TURBINE ROTOR
I.P. COMPRESSOR;I.P. COMPRESSOR
I.P. COMRESSOR;I.P. COMPRESSOR
I.P.B.O.V;I.P.B.O.V.
I.P.B.O.V.;I.P.B.O.V.
I.P.B.O.VALVE;I.P.B.O.V.
I.P.COMPRESSOR;I.P.COMPRESSOR
I.P.COMPRESSOR.;I.P.COMPRESSOR
I.P.O.B.V.;I.P.B.O.V.
I.P.T BLADE SET;I.P.T BLADE SET
I.P.T N.G.V.;I.P.T. N.G.V.
I.P.T. BLADE SET;I.P.T. BLADE SET
I.P.T. N.G.V.;I.P.T. N.G.V.
I.P.TURBINE ROTOR;I.P.TURBINE ROTOR
I.P.TURBINE ROTOR.;I.P.TURBINE ROTOR
I.P.TURBINE STATOR;I.P.TURBINE STATOR
IGNITER PLUG;IGNITER PLUG
INFLATABLE SEAL;INFLATABLE SEAL
INHIBITING RIG;INHIBITING RIG
INTER CASE STC;INTER CASE STC
INTERMEDIATE CASE;INTERMEDIATE CASE
INTERMEDIATE CASE.;INTERMEDIATE CASE
INTERSTAGE RING;INTERSTAGE RING
IP BOV VALVE;IP BOV VALVE
IPT BLADE SET;IPT BLADE SET
IPT NOZZLE VANES;IPT NOZZLE VANES
JET PIPE AMPLIFIER;JET PIPE AMPLIFIER
JET PIPE BULKHEAD RING ASSY;JET PIPE BULKHEAD RING ASSY
JPRT;JPRT
L P COMPRESSOR;L.P COMPRESSOR
L.P COMPRESSOR;L.P COMPRESSOR
L.P COMPRESSOR STC;L.P COMPRESSOR STC
L.P COMPRESSOR.;L.P COMPRESSOR
L.P TURBINE ROTOR;L.P TURBINE ROTOR
L.P TURBINE STATOR;L.P TURBINE STATOR
L.P TURBINE STATOR.;L.P TURBINE STATOR
L.P. COMPRESSOR;L.P. COMPRESSOR
L.P. COMRESSOR;L.P. COMPRESSOR
L.P. TURBINE STATOR;L.P. TURBINE STATOR
L.P.COMPRESSOR;L.P.COMPRESSOR
L.P.COMPRESSOR.;L.P.COMPRESSOR
L.P.T VANE;L.P.T. VANE
L.P.T VANES;L.P.T. VANES
L.P.T. BAL BLADE SET;L.P.T. BAL BLADE SET
L.P.T. STG 1 BLADE SET;L.P.T. STG 1 BLADE SET
L.P.T. VANE;L.P.T. VANE
L.P.T. VANES;L.P.T. VANES
L.P.TURBINE ROTOR;L.P.TURBINE ROTOR
L.P.TURBINE ROTOR.;L.P.TURBINE ROTOR
L.P.TURBINE STATOR;L.P.TURBINE STATOR
L.P.TURBINE STATOR.;L.P.TURBINE STATOR
L/H MANIFOLD.;L/H MANIFOLD.
LANYARD.;LANYARD
LEVER;LEVER
LEVER ASSY;LEVER ASSY
LEVER DRIVE;LEVER DRIVE
LEVERS;LEVERS
LIGHT SOURCE RADIATION.;LIGHT SOURCE RADIATION
LINK ASSY;LINK ASSY
LINK ASSY RIGHT;LINK ASSY RIGHT
LOCKING CABLE;LOCKING CABLE
LP COMPRESSOR MODULE;LP COMPRESSOR MODULE
LPC DRUMS;LPC DRUMS
LPT BLADE SET;LPT BLADE SET
LPT BLADE SET STG 1;LPT BLADE SET STG 1
LPT BLADE SET STG 2;LPT BLADE SET STG 2
LPT HEATER UNIT.;LPT HEATER UNIT
LPT SGT 1 BLADE SET;LPT STG 1 BLADE SET
LPT STG 1 BLADE SET;LPT STG 1 BLADE SET
LPT STG 1 BLADES;LPT STG 1 BLADES
LPT STG 2 BLADE SET;LPT STG 2 BLADE SET
LPT STG 2 VANE;LPT STG 2 VANE
LPT TOOLING;LPT TOOLING
LPT VANE;LPT VANE
LPT VANE STG 1 Standard.;LPT VANE STG 1 STANDART
LPT VANE.;LPT VANE
LPT VANES;LPT VANES
LPTR CONTAINER;LPTR CONTAINER
LPTR STG 2 BLADE SET;LPTR STG 2 BLADE SET
M.E.C.U;M.E.C.U.
M.E.C.U.;M.E.C.U.
M.F.C.U;M.F.C.U.
M.F.C.U.;M.F.C.U.
MANIFOLD;MANIFOLD
MANIFOLD ASSY;MANIFOLD ASSY
MANIFOLD ASSY.;MANIFOLD ASSY
MECHANICAL PULLER;MECHANICAL PULLER
MECU;MECU
MECU TEST SET;MECU TEST SET
MICRO SWITCH;MICRO SWITCH
MICRO SWITCH.;MICRO SWITCH
MICRO-SWITCH;MICRO SWITCH
MK103 WIRING HARNESS;MK103 WIRING HARNESS
MOD MECU;MOD MECU
MODULE 08 STC;MODULE 08 STC
MODULE 13 STC;MODULE 13 STC
MODULE 14 STC NEW SUPPLY.;MODULE 14 STC NEW SUPPLY
MODULE 15 EXHAUST SYSTEMS;MODULE 15 EXHAUST SYSTEMS
MODULE 213;MODULE 213
MODULE 550;MODULE 550
MODULE 551;MODULE 551
MODULE 557;MODULE 557
MODULE 560;MODULE 560
MODULE DISPLAY;MODULE DISPLAY
MOUNTING LINK;MOUNTING LINK
MOVING SHROUD;MOVING SHROUD
MOVING SHROUD.;MOVING SHROUD
MPC MOTOR;MPC MOTOR
N L PULSE PROBE;N L PULSE PROBE
N L PULSE PROBE.;N L PULSE PROBE
N.C.U;N.C.U.
N.C.U SOLENOID;N.C.U. SOLENOID
N.C.U.;N.C.U.
N.C.U. SOLENOID.;N.C.U. SOLENOID
N.G.V'S;N.G.V'S
N.L PULSE PROBE;N.L PULSE PROBE
NEW/RUN LPTR STG1 BLADES;NEW/RUN LPTR STG1 BLADES
NL P/P SETTING KIT;NL P/P SETTING KIT
NL TEST SET;NL TEST SET
No 5 BRG DUCT;No 5 BRG DUCT
No 5 BRG DUCT.;No 5 BRG DUCT
NOZ & T/R TEST RIG;NOZ & T/R TEST RIG
NOZ' TEST SET;NOZ' TEST SET
NOZZLE;NOZZLE
NOZZLE ACTUATOR;NOZZLE ACTUATOR
NOZZLE ACTUATOR.;NOZZLE ACTUATOR
NOZZLE TEST SET;NOZZLE TEST SET
NP TRANSDUCER;NP TRANSDUCER
NPT TRANSDUCER;NPT TRANSDUCER
O/S GOV  AMPLIFIER;O/S GOV. AMPLIFIER
O/S GOV  AMPLIFIER.;O/S GOV. AMPLIFIER
O/S GOV. AMPLIFIER;O/S GOV. AMPLIFIER
O/S GOV. AMPLIFIER.;O/S GOV. AMPLIFIER
O/S GOV.AMPLIFIER;O/S GOV. AMPLIFIER
OIL FUEL COOLER;OIL FUEL COOLER
OIL LEVEL INDICATOR;OIL LEVEL INDICATOR
OIL LEVEL INDICATOR.;OIL LEVEL INDICATOR
OIL PUMP;OIL PUMP
OIL TANK;OIL TANK
OIL TANK.;OIL TANK
OPT PYO TEST SET;OPT PYRO TEST SET
OPT PYRO TEST SET;OPT PYRO TEST SET
OPT PYROMETER;OPT PYROMETER
OPTICAL PYRO TEST SET;OPT PYRO TEST SET
P.R.P.U TEST SET;P.R.P.U TEST SET
P.T.O. SHAFT;P.T.O. SHAFT
P.T.O. SHAFT ASSY.;P.T.O. SHAFT ASSY
PANEL;PANEL
PANEL FRONT ASSY;PANEL FRONT ASSY
PILOT DEMAND LEVER;PILOT DEMAND LEVER
PILOT DEMAND UNIT;PILOT DEMAND UNIT
PILOT LEVER DEMAND MODULE.;PILOT LEVER DEMAND MODULE
PILOTS DEMAND LEVER;PILOTS DEMAND LEVER
PILOTS LEVER;PILOTS LEVER
PILOTS LEVER.;PILOTS LEVER
PILOTS TRANSMITTER;PILOTS TRANSMITTER
"PIN, STRAIGHT HEADED;PIN, STRAIGHT HEADED"
"PIPE, PURGE VALVE;PIPE, PURGE VALVE"
PLATE;PLATE
PLATE ACTUATOR TEST SET;PLATE ACTUATOR TEST SET
PLATE SEAL;PLATE SEAL
PLATE SEAL FRONT;PLATE SEAL FRONT
PLATE SEAL REAR;PLATE SEAL REAR
POWER MODULE;POWER MODULE
POWER SUPPLY BOARD;POWER SUPPLY BOARD
POWER SUPPLY MODULE;POWER SUPPLY MODULE
PRE-MOD 41237 KIT;PRE-MOD 41237 KIT
PRESSURE SWITCH;PRESSURE SWITCH
PRESSURE SWITCH.;PRESSURE SWITCH
PROBE;PROBE
PRT AMPLIFIER;PRT AMPLIFIER
PRT AMPLIFIER.;PRT AMPLIFIER
PRT TRANSDUCER;PRT TRANSDUCER
PRT TRANSDUCER.;PRT TRANSDUCER
PTO SHAFT;PTO SHAFT
PTO SHAFT ASSY;PTO SHAFT ASSY
PULLER GAUGE.;PULLER GAUGE
PURGE VALVE;PURGE VALVE
PURGE VALVE.;PURGE VALVE
R.C.A.T;R.C.A.T.
R.C.A.T.;R.C.A.T.
R.C.A.T.---ROID / DI;R.C.A.T.---ROID / DI
R/H F.C.U;R/H F.C.U.
R/H F.C.U.;R/H F.C.U.
R/H MANIFOLD.;R/H MANIFOLD
R/H.F.C.U;R/H.F.C.U.
R/H.F.C.U.;R/H.F.C.U.
RADIATION LIGHT;RADIATION LIGHT
RADIATION LIGHT SOURCE;RADIATION LIGHT SOURCE
RB199 KITSET;RB199 KITSET
REAR MOUNTING LINK;REAR MOUNTING LINK
REHEAT 560 CARD;REHEAT 560 CARD
REHEAT MANIFOLD (NEW);REHEAT MANIFOLD (NEW)
RELAY BOARD;RELAY BOARD
RING;RING
RING ASSEMBLY;RING ASSY
RING ASSY;RING ASSY
RING ASSY (INSTRUMENTED);RING ASSY (INSTRUMENTED)
RING ASSY (INSTRUMENTED).;RING ASSY (INSTRUMENTED)
RING ASSY.;RING ASSY
RR SLAVE MECU;RR SLAVE MECU
RSAF RB199 ENGINEERING EUMS ANALYSIS REPORT;RSAF RB199 ENGINEERING EUMS ANALYSIS REPORT
RSAF RB199 ENGINEERING EUMS ANALYSIS REPORT 2002;RSAF RB199 ENGINEERING EUMS ANALYSIS REPORT 2002
S.O.P.D.V;S.O.P.D.V.
S.O.P.D.V.;S.O.P.D.V.
S/X IPT BLADE SET;S/X IPT BLADE SET
S14 SEAL;S14 SEAL
S14 SEAL.;S14 SEAL
SEAL ASSY;SEAL ASSY
SEAL ENTRY;SEAL ENTRY
SEAL GUIDE;SEAL GUIDE
SEAL GUIDE.;SEAL GUIDE
SEAL HOUSING;SEAL HOUSING
SEAL INNER S17;SEAL INNER S17
SEAL PLATE;SEAL PLATE
SEAL RING;SEAL RING
SEAL SEGMENT;SEAL SEGMENT
SEAL SEGMENT.;SEAL SEGMENT
SEAL SEGMENTS;SEAL SEGMENTS
SEAL SHROUD;SEAL SHROUD
SEALING PLATE;SEALING PLATE
SEALING SHROUD;SEALING SHROUD
SEGMENT;SEGMENT
SEGMENT L/S;SEGMENT L/S
SEGMENT LONG;SEGMENT LONG
SEGMENT RING;SEGMENT RING
SEGMENT SHORT;SEGMENT SHORT
SEGMENTS;SEGMENTS
SERVO VALVE;SERVO VALVE
SERVO VALVE.;SERVO VALVE
SETTING ASSEMBLY;SETTING ASSY
SETTING ASSY;SETTING ASSY
SHAFT ASSY;SHAFT ASSY
SHIELD A/O FUEL;SHIELD A/O FUEL
SHIELD ASSY;SHIELD ASSY
SHROUD;SHROUD
SHROUD SEGMENT;SHROUD SEGMENT
SHROUD SEGMENT RING;SHROUD SEGMENT RING
SHROUD SEGMENT.;SHROUD SEGMENT
SHROUD SEGMENTS.;SHROUD SEGMENTS
SIGNAL TRANSFER ASSY.;SIGNAL TRANSFER ASSY
"SIMULATOR, ACTUATOR;SIMULATOR, ACTUATOR"
SOCKET;SOCKET
SOLENOID;SOLENOID
SOLENOID VALE;SOLENOID VALVE
SOLENOID VALVE;SOLENOID VALVE
SOLENOID VALVE.;SOLENOID VALVE
"SOLENOID, VALVE.;SOLENOID VALVE"
SPACER RING.;SPACER RING
SPACER RINGS.;SPACER RINGS
STEPPED SEAL;STEPPED SEAL
STEPPED SEAL.;STEPPED SEAL
STG 1 LPT BLADE SET;STG 1 LPT BLADE SET
STIFFENING RING;STIFFENING RING
SUPPORT;SUPPORT
SUPPORT DIAPHRAGM;SUPPORT DIAPHRAGM
SUPPORT DIAPHRAGM.;SUPPORT DIAPHRAGM
SUSPENSION  ASSY;SUSPENSION ASSY
SUSPENSION ASSY;SUSPENSION ASSY
T/D ACTUATOR;T/D ACTUATOR
T/D ACTUATOR.;T/D ACTUATOR
T/R BUCKET;T/R BUCKET
T/R BUCKET L/H (MK104);T/R BUCKET L/H (MK104)
T/R BUCKET R/H (MK104);T/R BUCKET R/H (MK104)
"T/R BUCKET, LOWER R/H;T/R BUCKET, LOWER R/H"
T/R BUCKET.;T/R BUCKET
T/R C.U;T/R C.U.
T/R C.U.;T/R C.U.
T/R DRIVE ASSY UPPER;T/R DRIVE ASSY UPPER
T/R GUIDE TUBE DRIVE ASSY.;T/R GUIDE TUBE DRIVE ASSY
T/R SERVO VALVE;T/R SERVO VALVE
T/R TEST SET;T/R TEST SET
T/R TEST SET CABLE ASSY;T/R TEST SET CABLE ASSY
T/R TEST SET.;T/R TEST SET
T/R.C.U;T/R.C.U.
T/R.C.U.;T/R.C.U.
TAPES;TAPES
TAPES.;TAPES
TBT AMPLIFIER;TBT AMPLIFIER
TBT AMPLIFIER.;TBT AMPLIFIER
TBT PYROMETER;TBT PYROMETER
TEST BOX;TEST BOX
TEST RIG.;TEST RIG.
TEST SET;TEST SET
TEST SET &  CABLES;TEST SET & CABLES
TEST SET & CABLES;TEST SET & CABLES
TEST SET & CABLES.;TEST SET & CABLES
TEST SET & CARD;TEST SET & CARD
TEST SET (2 PART ITEM).;TEST SET (2 PART ITEM)
TEST SET / CABLES;TEST SET / CABLES
TEST SET AND CABLES;TEST SET AND CABLES
TEST SET C/W CABLES;TEST SET C/W CABLES
TEST SET CABLE ASSEMBLY;TEST SET CABLE ASSEMBLY
TEST SET.;TEST SET
TEST SET/ C.W CABLES;TEST SET/ C.W CABLES
TEST SET+ CARD SPARES;TEST SET+ CARD SPARES
THERMOCOUPLE;THERMOCOUPLE
TIMING PEC UNIT;TIMING PEC UNIT
TRANSDUCER;TRANSDUCER
TRANSDUCER.;TRANSDUCER
TRANSIENT FAULT MONITOR;TRANSIENT FAULT MONITOR
"TRANSMITTER, PILOT DEMAND;TRANSMITTER, PILOT DEMAND"
TRANSPORTATION COVER;TRANSPORTATION COVER
TRB LOCK ACTUATOR;TRB LOCK ACTUATOR
TT1 ACTUATOR;TT1 ACTUATOR
TT1 ACTUATOR.;TT1 ACTUATOR
TTI  ACTUATOR;TTI  ACTUATOR
TUBE;TUBE
TUBE A/O;TUBE A/O
TURBINE CASE;TURBINE CASE
TURBINE CASE MODULE;TURBINE CASE MODULE
TURBINE CASE.;TURBINE CASE
UPPER CONICAL FAIRING;UPPER CONICAL FAIRING
UPPER FAIRING;UPPER FAIRING
VACTRIC MOTOR;VACTRIC MOTOR
VALVE;VALVE
VALVE & SCREW ASSY;VALVE & SCREW ASSY
VALVE (T.R.C.U);VALVE (T.R.C.U)
VALVE ASSY;VALVE ASSY
VALVE ASSY.;VALVE ASSY
VALVE PURGE;VALVE PURGE
VALVE SCREW ASSY;VALVE SCREW ASSY
VALVE SERVO;VALVE SERVO
VALVE SOLENOID;VALVE SOLENOID
"VALVE, SOLENOID;VALVE SOLENOID"
VALVE.;VALVE
VANE;VANE
VANE ASSY;VANE ASSY
"VANE, NOZZLE. IPT;VANE, NOZZLE. IPT"
VANE.;VANE
VANES;VANES
VANES.;VANES
VATRIC MOTOR;VATRIC MOTOR
VIB TEST SET;VIB TEST SET
VIB WARN TEST SET;VIB WARN TEST SET
VIB WARNING AMPLIFIER;VIB. WARNING AMPLIFIER
VIB WARNING TEST SET;VIB WARNING TEST SET
VIB. WARNING AMPLIFIER;VIB. WARNING AMPLIFIER
VIB. WARNING AMPLIFIER.;VIB. WARNING AMPLIFIER
VIBRATION TEST SET;VIBRATION TEST SET
VIBRATION TEST SET.;VIBRATION TEST SET
WIRING HARNESS;WIRING HARNESS
WIRING HARNESS.;WIRING HARNESS
WIRING LOOM;WIRING LOOM
WIRING LOOM.;WIRING LOOM
X-RAY DETECTOR KIT (JETSCAN);X-RAY DETECTOR KIT (JETSCAN)
